Campaign,Ad group,Ad type,Final URL,Headline 1,Headline 2,Headline 3,Headline 4,Headline 5,Headline 6,Headline 7,Headline 8,Headline 9,Headline 10,Headline 11,Headline 12,Headline 13,Headline 14,Headline 15,Description 1,Description 2,Description 3,Description 4,Status
SRCH | Composite | 3 Counties | Calls,Trex,Responsive search ad,https://www.ldndecks.com/composite-decks/,Trex Platinum Partner,Trex Deck Builder,Call LDN Decks Today,Projects From $20k+,Permits & HOA Handled,5.0 Rated Deck Builder,Loudoun Deck Builder,Fairfax Deck Builder,Composite Deck Experts,Written Deck Estimate,,,,,,Build a low-maintenance Trex deck with a local 5.0 rated contractor.,"We handle design, permits, HOA, materials, and installation for premium Trex decks.","Serving Loudoun, Fairfax, and Prince William. Call for a written estimate.",Upgrade from wood to a cleaner composite deck built for Northern Virginia weather.,Paused
SRCH | Composite | 3 Counties | Calls,Trex,Responsive search ad,https://www.ldndecks.com/composite-decks/,Custom Trex Decks,Trex Composite Decks,Built For NoVA Homes,Call For A Deck Quote,25+ Year Materials,Hidden Fasteners,Premium Deck Builder,Decks Built Right,HOA Help Included,Schedule A Call,,,,,,"Get a custom Trex deck built with premium materials, clean details, and a clear process.","From layout to final walkthrough, our team manages the full composite deck project.","Call-first estimates for serious deck projects in Loudoun, Fairfax, and Prince William.",Replace annual staining with a low-maintenance outdoor space built to last.,Paused
SRCH | Composite | 3 Counties | Calls,TimberTech/AZEK,Responsive search ad,https://www.ldndecks.com/timbertech-decks/,TimberTech Certified,AZEK Deck Builder,Premium Composite Decks,Projects From $20k+,Permits & HOA Handled,Call LDN Decks,5.0 Rated Contractor,Fairfax Deck Builder,Loudoun Deck Builder,Written Deck Estimate,,,,,,Build a premium TimberTech or AZEK deck with a Northern Virginia composite specialist.,"Premium projects from $20k+. Permits, HOA, design, and installation handled.","Serving Loudoun, Fairfax, and Prince William County with high-end composite deck builds.","Call now to discuss materials, timeline, budget, and the right composite decking option.",Paused
SRCH | Composite | 3 Counties | Calls,TimberTech/AZEK,Responsive search ad,https://www.ldndecks.com/timbertech-decks/,AZEK Composite Decks,TimberTech Deck Pros,Low-Maintenance Decks,Call For Pricing,Built In 2-4 Weeks,HOA Approval Help,Custom Deck Designs,Premium Rail Options,No Staining Needed,Schedule Estimate,,,,,,Upgrade to capped composite or PVC decking with hidden fasteners and premium railings.,"We help with layout, materials, county permits, and HOA submissions from start to finish.",Call LDN Decks for a serious deck replacement or new composite build estimate.,"Designed for Northern Virginia heat, moisture, and long-term curb appeal.",Paused
SRCH | Composite | 3 Counties | Calls,Composite Deck Builder,Responsive search ad,https://www.ldndecks.com/composite-decks/,Composite Deck Builder,Custom Composite Decks,Projects From $20k+,Call LDN Decks Today,Permits & HOA Handled,5.0 Rated Contractor,Built For NoVA Homes,Low Maintenance Decks,Written Deck Estimate,Trex & TimberTech,,,,,,"Custom composite decks for Loudoun, Fairfax, and Prince William County homeowners.",Premium projects from $20k+. Call for a realistic estimate and timeline.,"We build low-maintenance decks with permits, HOA, framing, decking, and railings handled.","Trex, TimberTech, and AZEK options installed by a local 5.0 rated deck contractor.",Paused
SRCH | Composite | 3 Counties | Calls,Composite Deck Builder,Responsive search ad,https://www.ldndecks.com/composite-decks/,Build A Composite Deck,No Stain. No Sanding.,Northern VA Deck Pros,Call For Deck Quote,Premium Deck Contractor,Hidden Fastener Finish,25-50 Year Warranties,Design Call Available,Decks From $20k+,HOA Help Included,,,,,,Stop maintaining old wood. Build a composite deck designed for long-term NoVA performance.,"We help homeowners choose the right brand, color, railing, lighting, and layout.",Call-first estimates for high-quality custom composite deck projects in three counties.,See before-and-after transformations and get a clear path from estimate to build.,Paused
SRCH | Composite | 3 Counties | Calls,Composite Deck Cost,Responsive search ad,https://www.ldndecks.com/composite-deck-cost-northern-virginia/,Composite Deck Cost,Projects From $20k+,Get A Real Deck Quote,Call LDN Decks,Trex Deck Pricing,TimberTech Pricing,Permits & HOA Handled,No Cheap Patch Work,Premium Deck Builder,Written Estimate,,,,,,"Composite deck pricing depends on size, framing, railing, stairs, and material tier.",Serious composite projects from $20k+. Call for a clear budget range before you build.,"We quote full custom composite decks, not small repair-only jobs or DIY material kits.","Serving Loudoun, Fairfax, and Prince William County with premium deck estimates.",Paused
SRCH | Composite | 3 Counties | Calls,Composite Deck Cost,Responsive search ad,https://www.ldndecks.com/composite-deck-cost-northern-virginia/,What Will A Deck Cost?,Composite Deck Pricing,Call For Budget Range,Full Builds From $15k+,Trex & AZEK Options,Deck Estimate Today,Built Right The First Time,5.0 Rated Deck Pros,HOA Help Included,No Staining Ever,,,,,,"Compare composite brands, railing options, and project scope with a local deck specialist.","Avoid surprise costs with clear scope, timeline, permits, and HOA details.",Call now if you are planning a serious composite deck project in Northern Virginia.,"Premium materials, clean construction, and a realistic estimate before work begins.",Paused
SRCH | Deck Builders | 3 Counties | Calls,Deck Builders Near Me,Responsive search ad,https://www.ldndecks.com/deck-builders-loudoun/,Deck Builders Near You,Custom Deck Builder,Call LDN Decks Today,Projects From $20k+,Permits & HOA Handled,5.0 Rated Deck Builder,Loudoun Deck Builder,Fairfax Deck Builder,Trex Platinum Partner,Written Deck Estimate,,,,,,Hire a local deck builder for serious custom projects in Northern Virginia.,"Premium projects from $20k+. We handle design, permits, HOA, framing, decking, and rails.","Serving Loudoun, Fairfax, and Prince William County homeowners with premium decks.","Call LDN Decks for a clear estimate, timeline, and material recommendation.",Paused
SRCH | Deck Builders | 3 Counties | Calls,Deck Builders Near Me,Responsive search ad,https://www.ldndecks.com/deck-builders-loudoun/,Build A Custom Deck,Northern VA Deck Pros,Licensed Deck Builder,Call For Deck Quote,Decks Built Right,Composite Deck Options,HOA Help Included,Design Call Available,Premium Deck Contractor,Schedule A Call,,,,,,"From first layout to final walkthrough, LDN Decks manages the full deck build.","Choose composite, railing, stairs, lighting, and details with a local specialist.",Call-first estimates for homeowners ready to plan a premium deck project.,"Clean process, realistic pricing, and a deck designed for Northern Virginia homes.",Paused
SRCH | Deck Builders | 3 Counties | Calls,Deck Contractors Near Me,Responsive search ad,https://www.ldndecks.com/deck-builders-loudoun/,Deck Contractors Near You,Deck Installation Pros,Call LDN Decks Today,Projects From $20k+,Permits & HOA Handled,Licensed & Insured,5.0 Rated Contractor,Northern VA Decks,Composite Deck Experts,Written Deck Estimate,,,,,,"Work with a local deck contractor for custom builds, replacements, and upgrades.","We manage permits, HOA coordination, materials, framing, decking, and railings.","Serving Loudoun, Fairfax, and Prince William County with premium deck projects.","Call for a realistic project scope, timeline, and budget before you build.",Paused
SRCH | Deck Builders | 3 Counties | Calls,Deck Contractors Near Me,Responsive search ad,https://www.ldndecks.com/deck-builders-loudoun/,Custom Deck Contractor,Deck Construction Pros,Call For Estimate,Decks From $20k+,Trex & TimberTech,Built For NoVA Homes,HOA Approval Help,Premium Deck Builder,Schedule Consultation,Written Deck Quote,,,,,,LDN Decks builds custom outdoor spaces with durable composite options.,Use this campaign for high-intent contractor and installation searches only.,"Talk through layout, materials, county permits, HOA details, and next steps.",Call today if you are ready to plan a serious deck project in Northern Virginia.,Paused
SRCH | Replacement + Resurfacing | 3 Counties | Calls,Deck Replacement,Responsive search ad,https://www.ldndecks.com/services/deck-replacement/,Deck Replacement,Projects From $15k+,Replace Your Old Deck,Call LDN Decks Today,Permits & HOA Handled,Typical 2-4 Week Build,5.0 Rated Contractor,Composite Upgrades,Structural Review,Northern VA Deck Pros,,,,,,"Replace an aging wood deck with a safer, low-maintenance composite outdoor space.","Projects from $15k+. We handle tear-down, permits, HOA, framing, decking, and railing.","Call for a structural evaluation in Loudoun, Fairfax, or Prince William County.","Built for homeowners who want a serious replacement, not a small patch repair.",Paused
SRCH | Replacement + Resurfacing | 3 Counties | Calls,Deck Replacement,Responsive search ad,https://www.ldndecks.com/services/deck-replacement/,Rebuild Your Deck,Old Deck To New Deck,Full Tear-Down & Rebuild,Call For Estimate,Decks From $15k+,HOA Approval Help,Trex & TimberTech,Before & After Results,Safe Code-Compliant Decks,Deck Evaluation,,,,,,"If your deck is rotting, bouncing, or unsafe, replacement is often the smarter investment.","We rebuild old decks with modern framing, composite boards, railings, and clean details.",See before-and-after transformations and get a practical budget and timeline.,Serving serious deck replacement projects across three Northern Virginia counties.,Paused
SRCH | Replacement + Resurfacing | 3 Counties | Calls,Deck Resurfacing,Responsive search ad,https://www.ldndecks.com/services/deck-resurfacing/,Deck Resurfacing,Save 40-60% If Frame Is Solid,Composite Resurfacing,Call For Inspection,Projects From $15k+,Permits & HOA Handled,1-2 Week Build Timeline,Deck Inspection,Trex Board Upgrades,LDN Decks,,,,,,"Keep the frame if it passes inspection, then upgrade boards and railings to composite.",Resurfacing can save 40-60% versus full replacement when the structure is sound.,Call for a deck inspection and honest resurface vs replacement recommendation.,"We handle composite boards, railings, permits, HOA details, and cleanup.",Paused
SRCH | Replacement + Resurfacing | 3 Counties | Calls,Deck Resurfacing,Responsive search ad,https://www.ldndecks.com/services/deck-resurfacing/,Resurface Old Deck,Composite Deck Upgrade,Keep Frame If Safe,Call LDN Decks,Structural Review,Trex & TimberTech Boards,Permits Included,HOA Help Included,5.0 Rated Contractor,Schedule Inspection,,,,,,"We inspect joists, posts, footings, ledger, and beams before recommending resurfacing.","If the frame is solid, resurfacing can deliver a new look at a lower cost.",Ideal for homeowners ready to move from worn wood boards to composite decking.,"Serving Loudoun, Fairfax, and Prince William County with call-first estimates.",Paused
SRCH | Replacement + Resurfacing | 3 Counties | Calls,Replace Wood With Composite,Responsive search ad,https://www.ldndecks.com/services/deck-replacement/,Wood To Composite Deck,Replace Wood With Trex,Projects From $15k+,Call LDN Decks Today,Low-Maintenance Upgrade,No More Staining,Permits & HOA Handled,Deck Inspection,Trex & TimberTech,5.0 Rated Contractor,,,,,,Upgrade your old wood deck to composite boards and railings built for NoVA weather.,"We inspect the frame first, then recommend resurfacing or full replacement.",Projects from $15k+. Call for a serious estimate and clear build timeline.,"Stop sanding and staining. Build a cleaner, safer, low-maintenance outdoor space.",Paused
SRCH | Replacement + Resurfacing | 3 Counties | Calls,Replace Wood With Composite,Responsive search ad,https://www.ldndecks.com/services/deck-replacement/,Upgrade To Composite,Replace Old Wood Deck,Composite Deck Conversion,Call For A Quote,Before & After Results,HOA Approval Help,Typical 2-4 Weeks,Premium Deck Builder,Deck Evaluation,Built For NoVA,,,,,,We help homeowners decide whether to keep the frame or rebuild the full deck.,"Composite upgrades include material selection, railing options, stairs, and lighting.","Call LDN Decks for wood-to-composite projects in Loudoun, Fairfax, and Prince William.","Clean process, realistic pricing, and a deck designed for long-term use.",Paused
SRCH | Branded | 3 Counties | Calls,Brand Exact,Responsive search ad,https://www.ldndecks.com/contact/,LDN Decks,Loudoun Decks,Call LDN Decks Today,5.0 Rated Deck Builder,Written Deck Estimate,Trex Platinum Partner,Northern VA Deck Builder,Licensed & Insured,Composite Deck Experts,Contact LDN Decks,,,,,,"Contact LDN Decks for composite, replacement, resurfacing, and outdoor living projects.","Speak with a local Northern Virginia contractor about scope, timeline, and budget.","Serving Loudoun, Fairfax, and Prince William County homeowners.",Written estimates for serious deck projects from a 5.0 rated local team.,Paused
SRCH | Branded | 3 Counties | Calls,Brand Exact,Responsive search ad,https://www.ldndecks.com/contact/,Official LDN Decks Site,Loudoun Deck Builder,Call Now For Estimate,Decks From $15k+,Permits & HOA Help,Trex & TimberTech,Replacement Deck Pros,Composite Deck Builder,Schedule A Consultation,5.0 Google Rated,,,,,,Looking for LDN Decks? Call now or request a written deck estimate.,We build and replace decks across Northern Virginia with premium composite materials.,"Talk through pricing, timeline, materials, and next steps with our team.","Trusted deck contractor for Loudoun, Fairfax, and Prince William County.",Paused
SRCH | Branded | 3 Counties | Calls,Brand Phrase,Responsive search ad,https://www.ldndecks.com/contact/,LDN Decks Reviews,Call LDN Decks,Get A Deck Estimate,Contact Loudoun Decks,5.0 Rated Contractor,Composite Deck Builder,Replacement Decks,Design Call Available,Northern VA Deck Pros,Official Website,,,,,,"Read reviews, call the team, or request an estimate for your deck project.","LDN Decks serves Loudoun, Fairfax, and Prince William County homeowners.","Call-first estimates for composite, replacement, resurfacing, and outdoor living projects.",Get a clear next step for your project timeline and budget.,Paused
SRCH | Branded | 3 Counties | Calls,Brand Phrase,Responsive search ad,https://www.ldndecks.com/contact/,Loudoun Decks Contact,LDN Decks Estimate,Call LDN Decks Today,Deck Builder Near You,Projects From $15k+,Permits & HOA Handled,Trex Platinum Partner,TimberTech Certified,Schedule Estimate,Trusted Local Builder,,,,,,"Speak with LDN Decks about your composite deck, replacement, or resurfacing project.","Get help with design, materials, permits, HOA coordination, and build planning.",Premium composite deck and replacement projects across Northern Virginia.,Use the official LDN Decks site to request your written estimate.,Paused
SRCH | Premium Geo | Arlington Alexandria McLean | Leads,McLean + Great Falls,Responsive search ad,https://www.ldndecks.com/mclean-great-falls-premium-deck-budget/,McLean Deck Builder,Great Falls Deck Builder,Premium Deck Projects,Projects From $30k+,Written Deck Estimate,Permits & HOA Handled,Trex & TimberTech Pros,Call LDN Decks Today,Estate Home Decks,Design Call Available,,,,,,Premium decks for McLean and Great Falls homeowners planning serious projects.,"Composite, replacement, and outdoor living projects from $30k+.","We handle design, permits, HOA details, materials, and installation.",Request a written estimate for a high-quality Northern Virginia deck project.,Paused
SRCH | Premium Geo | Arlington Alexandria McLean | Leads,McLean + Great Falls,Responsive search ad,https://www.ldndecks.com/mclean-great-falls-premium-deck-budget/,Premium Composite Decks,McLean Outdoor Living,Great Falls Deck Pros,Schedule A Design Call,Built For Estate Homes,AZEK & TimberTech,Trex Deck Builder,Structural Review,Custom Deck Contractor,LDN Decks,,,,,,Plan a premium composite deck with a contractor built for high-value homes.,"Ideal for large decks, replacements, railings, stairs, lighting, and covered spaces.","Talk through scope, budget, timeline, HOA, and permit details before you build.","Serving McLean, Great Falls, Vienna, Oakton, and nearby premium NoVA markets.",Paused
SRCH | Premium Geo | Arlington Alexandria McLean | Leads,McLean + Great Falls,Responsive search ad,https://www.ldndecks.com/mclean-great-falls-premium-deck-budget/,McLean Custom Decks,Great Falls Deck Pros,Premium Composite Decks,Estate Deck Builder,Trex Deck Contractor,TimberTech Deck Pros,Decks From $30k+,Permit Help Included,HOA Help Included,Design Build Decks,Written Estimate,Schedule A Deck Call,NoVA Deck Contractor,Luxury Outdoor Living,LDN Decks,Premium deck design-build for McLean and Great Falls homeowners planning serious projects.,"Composite, replacement, railings, stairs, lighting, permits, HOA, and installation.",Built for high-value homes that need a polished process and durable materials.,Schedule a design call and get a written estimate before you build.,Paused
SRCH | Premium Geo | Arlington Alexandria McLean | Leads,Arlington,Responsive search ad,https://www.ldndecks.com/deck-builder-arlington-va/,Arlington Deck Builder,Arlington Deck Contractor,Composite Deck Experts,Projects From $25k+,Written Deck Estimate,Permits & HOA Handled,Trex & TimberTech Pros,Custom Deck Builder,Call LDN Decks Today,Design Call Available,,,,,,Custom decks and replacements for Arlington homeowners planning quality projects.,"Composite deck builds from $25k+. Permits, design, and installation handled.",Request a written estimate for a serious Arlington deck or outdoor living project.,Built for homeowners who want durable materials and a clean construction process.,Paused
SRCH | Premium Geo | Arlington Alexandria McLean | Leads,Arlington,Responsive search ad,https://www.ldndecks.com/deck-builder-arlington-va/,Arlington Composite Decks,Deck Replacement Pros,Premium Deck Contractor,Schedule A Deck Call,Built For NoVA Homes,Structural Review,Low-Maintenance Decks,5.0 Rated Contractor,LDN Decks Arlington,HOA Help Included,,,,,,Replace old wood with composite decking designed for Northern Virginia weather.,"We review project scope, budget, timeline, permits, and HOA requirements.","Trex, TimberTech, AZEK, railings, stairs, lighting, and deck replacement work.",Serving Arlington homeowners who want a premium deck built correctly.,Paused
SRCH | Premium Geo | Arlington Alexandria McLean | Leads,Arlington,Responsive search ad,https://www.ldndecks.com/deck-builder-arlington-va/,Arlington Custom Decks,Arlington Deck Pros,Premium Deck Builder,Composite Deck Builder,Trex Deck Contractor,Decks From $25k+,Permit Help Included,HOA Help Included,Written Deck Estimate,Schedule A Deck Call,NoVA Deck Contractor,Design Build Decks,Low-Maintenance Decks,Outdoor Living Pros,LDN Decks,Premium deck design-build for Arlington homeowners planning quality composite projects.,"Permits, HOA details, structural review, materials, and installation handled by one team.","Ideal for deck replacements, low-maintenance upgrades, railings, stairs, and lighting.",Request a written estimate for a serious Arlington deck project.,Paused
SRCH | Premium Geo | Arlington Alexandria McLean | Leads,Alexandria,Responsive search ad,https://www.ldndecks.com/deck-builder-alexandria-va/,Alexandria Deck Builder,Alexandria Deck Contractor,Composite Deck Experts,Projects From $25k+,Written Deck Estimate,Permits & HOA Handled,Trex & TimberTech Pros,Custom Deck Builder,Call LDN Decks Today,Design Call Available,,,,,,Custom decks and replacements for Alexandria homeowners planning quality projects.,"Composite deck builds from $25k+. Permits, design, and installation handled.",Request a written estimate for a serious Alexandria deck or outdoor living project.,Built for homeowners who want durable materials and a clean construction process.,Paused
SRCH | Premium Geo | Arlington Alexandria McLean | Leads,Alexandria,Responsive search ad,https://www.ldndecks.com/deck-builder-alexandria-va/,Alexandria Composite Decks,Deck Replacement Pros,Premium Deck Contractor,Schedule A Deck Call,Built For NoVA Homes,Structural Review,Low-Maintenance Decks,5.0 Rated Contractor,LDN Decks Alexandria,HOA Help Included,,,,,,Replace old wood with composite decking designed for Northern Virginia weather.,"We review project scope, budget, timeline, permits, and HOA requirements.","Trex, TimberTech, AZEK, railings, stairs, lighting, and deck replacement work.",Serving Alexandria homeowners who want a premium deck built correctly.,Paused
SRCH | Premium Geo | Arlington Alexandria McLean | Leads,Alexandria,Responsive search ad,https://www.ldndecks.com/deck-builder-alexandria-va/,Alexandria Custom Decks,Alexandria Deck Pros,Premium Deck Builder,Composite Deck Builder,Trex Deck Contractor,Decks From $25k+,Permit Help Included,HOA Help Included,Written Deck Estimate,Schedule A Deck Call,NoVA Deck Contractor,Design Build Decks,Low-Maintenance Decks,Outdoor Living Pros,LDN Decks,Premium deck design-build for Alexandria homeowners planning quality composite projects.,"Permits, HOA details, structural review, materials, and installation handled by one team.","Ideal for deck replacements, low-maintenance upgrades, railings, stairs, and lighting.",Request a written estimate for a serious Alexandria deck project.,Paused
SRCH | Premium Geo | Arlington Alexandria McLean | Leads,Vienna + Oakton,Responsive search ad,https://www.ldndecks.com/deck-builder-vienna-va/,Vienna Deck Builder,Oakton Deck Builder,Premium Deck Projects,Projects From $25k+,Written Deck Estimate,Permits & HOA Handled,Trex & TimberTech Pros,Call LDN Decks Today,Custom Deck Builder,Design Call Available,,,,,,Premium decks for Vienna and Oakton homeowners planning serious projects.,"Composite, replacement, and outdoor living projects from $25k+.","We handle design, permits, HOA details, materials, and installation.",Request a written estimate for a high-quality Northern Virginia deck project.,Paused
SRCH | Premium Geo | Arlington Alexandria McLean | Leads,Vienna + Oakton,Responsive search ad,https://www.ldndecks.com/deck-builder-vienna-va/,Premium Composite Decks,Vienna Outdoor Living,Oakton Deck Pros,Schedule A Design Call,Built For NoVA Homes,AZEK & TimberTech,Trex Deck Builder,Structural Review,Custom Deck Contractor,LDN Decks,,,,,,Plan a premium composite deck with a contractor built for high-value homes.,"Ideal for large decks, replacements, railings, stairs, lighting, and covered spaces.","Talk through scope, budget, timeline, HOA, and permit details before you build.","Serving Vienna, Oakton, McLean, Great Falls, and nearby premium NoVA markets.",Paused
SRCH | Premium Geo | Arlington Alexandria McLean | Leads,Vienna + Oakton,Responsive search ad,https://www.ldndecks.com/deck-builder-vienna-va/,Vienna Custom Decks,Oakton Deck Builder,Premium Composite Decks,NoVA Deck Contractor,Trex Deck Contractor,TimberTech Deck Pros,Decks From $25k+,Permit Help Included,HOA Help Included,Design Build Decks,Written Estimate,Schedule A Deck Call,Low-Maintenance Decks,Outdoor Living Pros,LDN Decks,Premium deck design-build for Vienna and Oakton homeowners planning serious projects.,"Composite, replacement, railings, stairs, lighting, permits, HOA, and installation.",Built for high-value homes that need a clean process and durable materials.,Schedule a design call and get a written estimate before you build.,Paused
SRCH | Premium Geo | Arlington Alexandria McLean | Leads,Near Me | Premium Geo,Responsive search ad,https://www.ldndecks.com/deck-builder-northern-virginia/,Deck Builder Near You,Deck Contractor Near You,Premium Deck Builder,Composite Deck Experts,Trex Deck Contractor,TimberTech Deck Pros,Decks From $25k+,Permit Help Included,HOA Help Included,Written Deck Estimate,Schedule A Deck Call,NoVA Deck Contractor,Design Build Decks,Outdoor Living Pros,LDN Decks,Premium deck design-build for Northern Virginia homeowners planning serious projects.,"Composite decks, replacements, railings, stairs, lighting, permits, and HOA handled.",Built for homeowners who want a clean process and durable low-maintenance materials.,Schedule a design call and get a written estimate before you build.,Paused
SRCH | Premium Geo | Arlington Alexandria McLean | Leads,Near Me | Premium Geo,Responsive search ad,https://www.ldndecks.com/deck-builder-northern-virginia/,Composite Deck Builder,Custom Deck Contractor,Near You In NoVA,Premium Deck Projects,Trex & TimberTech Pros,Low-Maintenance Decks,Projects From $25k+,Written Estimate,Permit Help Included,HOA Help Included,Call LDN Decks Today,Design Call Available,Deck Replacement Pros,Quality Deck Builder,LDN Decks,Plan a premium composite deck with a Northern Virginia contractor built for quality leads.,"We handle project scope, budget, timeline, permits, HOA, materials, and installation.","Ideal for deck replacements, custom composite builds, railings, stairs, and lighting.",Request a written estimate for a serious deck or outdoor living project.,Paused
SRCH | Premium Geo | Arlington Alexandria McLean | Leads,Near Me | Premium Geo,Responsive search ad,https://www.ldndecks.com/deck-builder-northern-virginia/,NoVA Deck Builder,Northern VA Deck Pros,Deck Companies Near Me,Deck Contractors Near Me,Premium Composite Decks,Custom Deck Builder,Trex Deck Builder,TimberTech Contractor,Decks From $25k+,Written Deck Quote,Schedule A Deck Call,Permit Help Included,HOA Help Included,Built For NoVA Homes,LDN Decks,Serving high-intent Northern Virginia homeowners looking for a premium deck contractor.,"Composite, custom, and replacement decks with permits and HOA coordination handled.","Built for larger projects where process, materials, and craftsmanship matter.",Call or request a written estimate for a premium deck project.,Paused
