source_domain,source_url,target_url,ahrefs_dr,link_status,link_type,rel_attribute,anchor_text,first_seen,last_seen,priority,issue,action,status
example.com,https://example.com/profile/loudoun-decks,https://ldndecks.com/,25,Live,Dofollow,,Loudoun Decks,2026-05-01,2026-05-16,High,,Keep,Verified
business.loudounchamber.org,https://business.loudounchamber.org/list/member/loudoun-deck-30047,https://ldndecks.com/,TBD,Live,Anchor found,,Visit Website,TBD,2026-05-16,High,Admin updated to Loudoun Decks and Centreville NAP on 2026-05-16 but public page still showed old values immediately after save,Recheck public page after cache/publication delay,Verified link / admin updated
bbb.org,https://www.bbb.org/us/va/centreville/profile/deck-builder/loudoun-decks-0241-236091241,https://ldndecks.com/,TBD,Live,Profile website link,TBD,Visit Website,TBD,2026-05-16,High,,Keep canonical Centreville BBB profile,Verified canonical
yelp.com,https://www.yelp.com/biz/loudoun-decks-centreville,https://ldndecks.com/,TBD,Live,Profile website link,TBD,Business website,TBD,2026-05-16,High,,Keep canonical Centreville Yelp profile,Verified canonical
houzz.com,https://www.houzz.com/pro/webuser-782541997/loudoun-decks,https://ldndecks.com/,TBD,Live,TBD,TBD,TBD,TBD,TBD,High,Profile resolves but public HTML did not expose direct anchor,Confirm website field in profile,Manual verify
buildzoom.com,https://www.buildzoom.com/contractor/loudoun-decks,https://ldndecks.com/,TBD,Live,No crawlable link found,TBD,TBD,TBD,2026-05-16,High,Admin has website/Facebook/Yelp and narrowed deck/outdoor-living services; public HTML still did not include ldndecks.com during last fetch and public profile shows license 2705191673 Unable To Verify / No active license on file,Contact BuildZoom Contractor Relations/support to complete license verification; re-fetch public page after cache updates,Admin updated / license review pending
mapquest.com,https://www.mapquest.com/us/virginia/loudoun-decks-532352487,https://ldndecks.com/,TBD,TBD,No crawlable link found,TBD,TBD,TBD,2026-05-16,Medium,Public HTML did not include ldndecks.com; MapQuest/Yext scan submitted and showed 25% optimization with MapQuest missing,Continue only through free/account claim steps unless paid Yext is approved; otherwise clean citations manually,Scan submitted / claim pending
birdeye.com,https://reviews.birdeye.com/loudoun-decks-builder-171818893055699,https://ldndecks.com/,TBD,Live,Anchor found,TBD,Website,TBD,TBD,Medium,,Keep updated,Verified
trustpilot.com,https://www.trustpilot.com/review/ldndecks.com,https://ldndecks.com/,TBD,TBD,TBD,TBD,TBD,TBD,TBD,Medium,Public crawler blocked but dashboard verifies complete claimed profile,Keep active; optional proof of identity,Verified in dashboard
